{
  "Total" : {
    "transaction" : "Total",
    "sampleCount" : 948,
    "errorCount" : 301,
    "errorPct" : 31.751055,
    "meanResTime" : 2495.3259493670903,
    "medianResTime" : 2468.5,
    "minResTime" : 26.0,
    "maxResTime" : 14881.0,
    "pct1ResTime" : 5943.3,
    "pct2ResTime" : 6481.9,
    "pct3ResTime" : 13171.199999999999,
    "throughput" : 55.45805545805546,
    "receivedKBytesPerSec" : 1956.7548600751725,
    "sentKBytesPerSec" : 35.11820211038961
  },
  "Login-page" : {
    "transaction" : "Login-page",
    "sampleCount" : 300,
    "errorCount" : 97,
    "errorPct" : 32.333332,
    "meanResTime" : 1678.4833333333331,
    "medianResTime" : 1168.0,
    "minResTime" : 120.0,
    "maxResTime" : 13774.0,
    "pct1ResTime" : 2935.5,
    "pct2ResTime" : 3088.0,
    "pct3ResTime" : 13287.42,
    "throughput" : 18.529956763434217,
    "receivedKBytesPerSec" : 478.63167850525014,
    "sentKBytesPerSec" : 2.3886272390364423
  },
  "Home" : {
    "transaction" : "Home",
    "sampleCount" : 300,
    "errorCount" : 165,
    "errorPct" : 55.0,
    "meanResTime" : 3274.806666666665,
    "medianResTime" : 2601.5,
    "minResTime" : 26.0,
    "maxResTime" : 14881.0,
    "pct1ResTime" : 6470.900000000001,
    "pct2ResTime" : 6669.9,
    "pct3ResTime" : 14243.51000000001,
    "throughput" : 18.89287738522577,
    "receivedKBytesPerSec" : 869.47733887918,
    "sentKBytesPerSec" : 19.227192754581523
  },
  "Home-0" : {
    "transaction" : "Home-0",
    "sampleCount" : 174,
    "errorCount" : 0,
    "errorPct" : 0.0,
    "meanResTime" : 2733.137931034483,
    "medianResTime" : 2925.0,
    "minResTime" : 251.0,
    "maxResTime" : 12937.0,
    "pct1ResTime" : 3666.0,
    "pct2ResTime" : 3840.25,
    "pct3ResTime" : 12763.0,
    "throughput" : 11.416573715635456,
    "receivedKBytesPerSec" : 16.13195902499836,
    "sentKBytesPerSec" : 9.393863591627847
  },
  "Home-1" : {
    "transaction" : "Home-1",
    "sampleCount" : 174,
    "errorCount" : 39,
    "errorPct" : 22.413794,
    "meanResTime" : 2321.9310344827572,
    "medianResTime" : 2627.5,
    "minResTime" : 26.0,
    "maxResTime" : 14032.0,
    "pct1ResTime" : 3547.0,
    "pct2ResTime" : 3747.0,
    "pct3ResTime" : 13111.75,
    "throughput" : 11.394145766485495,
    "receivedKBytesPerSec" : 762.7151366356164,
    "sentKBytesPerSec" : 7.4100060981599105
  }
}